train0.png,II Ć Ć H I Ć Ć h Ć h Ć h h I Ć Ć Ć Ć Ć h Ć Ć h Ć Ć I Ć Ć Ć h h h Ć Ć E h Ć Ć h š h Ć h Ć K h Ć Ć I h š h Ć Ć Ć I I I h Ć h Ć A Ć h Č h Ć Ć E h h Ć
train1.png,II Ć Ć H I Ć Ć h Ć h Ć h h I Ć Ć Ć Ć Ć h Ć Ć h Ć Ć I Ć Ć Ć h h h Ć Ć E h Ć Ć h š h Ć h Ć K h Ć Ć I h š h Ć Ć Ć I I I h Ć h Ć A Ć h Č h Ć Ć E h h Ć
train10.png,II Ć Ć H I Ć Ć h Ć h Ć h h I Ć Ć Ć Ć Ć h Ć Ć h Ć Ć I Ć Ć Ć h h h Ć Ć E h Ć Ć h š h Ć h Ć K h Ć Ć I h š h Ć Ć Ć I I I h Ć h Ć A Ć h Č h Ć Ć E h h Ć
train11.png,II Ć Ć H I Ć Ć h Ć h Ć h h I Ć Ć Ć Ć Ć h Ć Ć h Ć Ć I Ć Ć Ć h h h Ć Ć E h Ć Ć h š h Ć h Ć K h Ć Ć I h š h Ć Ć Ć I I I h Ć h Ć A Ć h Č h Ć Ć E h h Ć
train12.png,II Ć Ć H I Ć Ć h Ć h Ć h h I Ć Ć Ć Ć Ć h Ć Ć h Ć Ć I Ć Ć Ć h h h Ć Ć E h Ć Ć h š h Ć h Ć K h Ć Ć I h š h Ć Ć Ć I I I h Ć h Ć A Ć h Č h Ć Ć E h h Ć
train13.png,II Ć Ć H I Ć Ć h Ć h Ć h h I Ć Ć Ć Ć Ć h Ć Ć h Ć Ć I Ć Ć Ć h h h Ć Ć E h Ć Ć h š h Ć h Ć K h Ć Ć I h š h Ć Ć Ć I I I h Ć h Ć A Ć h Č h Ć Ć E h h Ć
train14.png,II Ć Ć H I Ć Ć h Ć h Ć h h I Ć Ć Ć Ć Ć h Ć Ć h Ć Ć I Ć Ć Ć h h h Ć Ć E h Ć Ć h š h Ć h Ć K h Ć Ć I h š h Ć Ć Ć I I I h Ć h Ć A Ć h Č h Ć Ć E h h Ć
train15.png,II Ć Ć H I Ć Ć h Ć h Ć h h I Ć Ć Ć Ć Ć h Ć Ć h Ć Ć I Ć Ć Ć h h h Ć Ć E h Ć Ć h š h Ć h Ć K h Ć Ć I h š h Ć Ć Ć I I I h Ć h Ć A Ć h Č h Ć Ć E h h Ć
train16.png,II Ć Ć H I Ć Ć h Ć h Ć h h I Ć Ć Ć Ć Ć h Ć Ć h Ć Ć I Ć Ć Ć h h h Ć Ć E h Ć Ć h š h Ć h Ć K h Ć Ć I h š h Ć Ć Ć I I I h Ć h Ć A Ć h Č h Ć Ć E h h Ć
train17.png,II Ć Ć H I Ć Ć h Ć h Ć h h I Ć Ć Ć Ć Ć h Ć Ć h Ć Ć I Ć Ć Ć h h h Ć Ć E h Ć Ć h š h Ć h Ć K h Ć Ć I h š h Ć Ć Ć I I I h Ć h Ć A Ć h Č h Ć Ć E h h Ć
train18.png,II Ć Ć H I Ć Ć h Ć h Ć h h I Ć Ć Ć Ć Ć h Ć Ć h Ć Ć I Ć Ć Ć h h h Ć Ć E h Ć Ć h š h Ć h Ć K h Ć Ć I h š h Ć Ć Ć I I I h Ć h Ć A Ć h Č h Ć Ć E h h Ć
train19.png,II Ć Ć H I Ć Ć h Ć h Ć h h I Ć Ć Ć Ć Ć h Ć Ć h Ć Ć I Ć Ć Ć h h h Ć Ć E h Ć Ć h š h Ć h Ć K h Ć Ć I h š h Ć Ć Ć I I I h Ć h Ć A Ć h Č h Ć Ć E h h Ć
train2.png,II Ć Ć H I Ć Ć h Ć h Ć h h I Ć Ć Ć Ć Ć h Ć Ć h Ć Ć I Ć Ć Ć h h h Ć Ć E h Ć Ć h š h Ć h Ć K h Ć Ć I h š h Ć Ć Ć I I I h Ć h Ć A Ć h Č h Ć Ć E h h Ć
train20.png,II Ć Ć H I Ć Ć h Ć h Ć h h I Ć Ć Ć Ć Ć h Ć Ć h Ć Ć I Ć Ć Ć h h h Ć Ć E h Ć Ć h š h Ć h Ć K h Ć Ć I h š h Ć Ć Ć I I I h Ć h Ć A Ć h Č h Ć Ć E h h Ć
train21.png,II Ć Ć H I Ć Ć h Ć h Ć h h I Ć Ć Ć Ć Ć h Ć Ć h Ć Ć I Ć Ć Ć h h h Ć Ć E h Ć Ć h š h Ć h Ć K h Ć Ć I h š h Ć Ć Ć I I I h Ć h Ć A Ć h Č h Ć Ć E h h Ć
train22.png,II Ć Ć H I Ć Ć h Ć h Ć h h I Ć Ć Ć Ć Ć h Ć Ć h Ć Ć I Ć Ć Ć h h h Ć Ć E h Ć Ć h š h Ć h Ć K h Ć Ć I h š h Ć Ć Ć I I I h Ć h Ć A Ć h Č h Ć Ć E h h Ć
train23.png,II Ć Ć H I Ć Ć h Ć h Ć h h I Ć Ć Ć Ć Ć h Ć Ć h Ć Ć I Ć Ć Ć h h h Ć Ć E h Ć Ć h š h Ć h Ć K h Ć Ć I h š h Ć Ć Ć I I I h Ć h Ć A Ć h Č h Ć Ć E h h Ć
train24.png,II Ć Ć H I Ć Ć h Ć h Ć h h I Ć Ć Ć Ć Ć h Ć Ć h Ć Ć I Ć Ć Ć h h h Ć Ć E h Ć Ć h š h Ć h Ć K h Ć Ć I h š h Ć Ć Ć I I I h Ć h Ć A Ć h Č h Ć Ć E h h Ć
train25.png,II Ć Ć H I Ć Ć h Ć h Ć h h I Ć Ć Ć Ć Ć h Ć Ć h Ć Ć I Ć Ć Ć h h h Ć Ć E h Ć Ć h š h Ć h Ć K h Ć Ć I h š h Ć Ć Ć I I I h Ć h Ć A Ć h Č h Ć Ć E h h Ć
train26.png,II Ć Ć H I Ć Ć h Ć h Ć h h I Ć Ć Ć Ć Ć h Ć Ć h Ć Ć I Ć Ć Ć h h h Ć Ć E h Ć Ć h š h Ć h Ć K h Ć Ć I h š h Ć Ć Ć I I I h Ć h Ć A Ć h Č h Ć Ć E h h Ć
train27.png,II Ć Ć H I Ć Ć h Ć h Ć h h I Ć Ć Ć Ć Ć h Ć Ć h Ć Ć I Ć Ć Ć h h h Ć Ć E h Ć Ć h š h Ć h Ć K h Ć Ć I h š h Ć Ć Ć I I I h Ć h Ć A Ć h Č h Ć Ć E h h Ć
train28.png,II Ć Ć H I Ć Ć h Ć h Ć h h I Ć Ć Ć Ć Ć h Ć Ć h Ć Ć I Ć Ć Ć h h h Ć Ć E h Ć Ć h š h Ć h Ć K h Ć Ć I h š h Ć Ć Ć I I I h Ć h Ć A Ć h Č h Ć Ć E h h Ć
train29.png,II Ć Ć H I Ć Ć h Ć h Ć h h I Ć Ć Ć Ć Ć h Ć Ć h Ć Ć I Ć Ć Ć h h h Ć Ć E h Ć Ć h š h Ć h Ć K h Ć Ć I h š h Ć Ć Ć I I I h Ć h Ć A Ć h Č h Ć Ć E h h Ć
train3.png,II Ć Ć H I Ć Ć h Ć h Ć h h I Ć Ć Ć Ć Ć h Ć Ć h Ć Ć I Ć Ć Ć h h h Ć Ć E h Ć Ć h š h Ć h Ć K h Ć Ć I h š h Ć Ć Ć I I I h Ć h Ć A Ć h Č h Ć Ć E h h Ć
train30.png,II Ć Ć H I Ć Ć h Ć h Ć h h I Ć Ć Ć Ć Ć h Ć Ć h Ć Ć I Ć Ć Ć h h h Ć Ć E h Ć Ć h š h Ć h Ć K h Ć Ć I h š h Ć Ć Ć I I I h Ć h Ć A Ć h Č h Ć Ć E h h Ć
train31.png,II Ć Ć H I Ć Ć h Ć h Ć h h I Ć Ć Ć Ć Ć h Ć Ć h Ć Ć I Ć Ć Ć h h h Ć Ć E h Ć Ć h š h Ć h Ć K h Ć Ć I h š h Ć Ć Ć I I I h Ć h Ć A Ć h Č h Ć Ć E h h Ć
train32.png,II Ć Ć H I Ć Ć h Ć h Ć h h I Ć Ć Ć Ć Ć h Ć Ć h Ć Ć I Ć Ć Ć h h h Ć Ć E h Ć Ć h š h Ć h Ć K h Ć Ć I h š h Ć Ć Ć I I I h Ć h Ć A Ć h Č h Ć Ć E h h Ć
train33.png,II Ć Ć H I Ć Ć h Ć h Ć h h I Ć Ć Ć Ć Ć h Ć Ć h Ć Ć I Ć Ć Ć h h h Ć Ć E h Ć Ć h š h Ć h Ć K h Ć Ć I h š h Ć Ć Ć I I I h Ć h Ć A Ć h Č h Ć Ć E h h Ć
train34.png,II Ć Ć H I Ć Ć h Ć h Ć h h I Ć Ć Ć Ć Ć h Ć Ć h Ć Ć I Ć Ć Ć h h h Ć Ć E h Ć Ć h š h Ć h Ć K h Ć Ć I h š h Ć Ć Ć I I I h Ć h Ć A Ć h Č h Ć Ć E h h Ć
train35.png,II Ć Ć H I Ć Ć h Ć h Ć h h I Ć Ć Ć Ć Ć h Ć Ć h Ć Ć I Ć Ć Ć h h h Ć Ć E h Ć Ć h š h Ć h Ć K h Ć Ć I h š h Ć Ć Ć I I I h Ć h Ć A Ć h Č h Ć Ć E h h Ć
train36.png,II Ć Ć H I Ć Ć h Ć h Ć h h I Ć Ć Ć Ć Ć h Ć Ć h Ć Ć I Ć Ć Ć h h h Ć Ć E h Ć Ć h š h Ć h Ć K h Ć Ć I h š h Ć Ć Ć I I I h Ć h Ć A Ć h Č h Ć Ć E h h Ć
train37.png,II Ć Ć H I Ć Ć h Ć h Ć h h I Ć Ć Ć Ć Ć h Ć Ć h Ć Ć I Ć Ć Ć h h h Ć Ć E h Ć Ć h š h Ć h Ć K h Ć Ć I h š h Ć Ć Ć I I I h Ć h Ć A Ć h Č h Ć Ć E h h Ć
train38.png,II Ć Ć H I Ć Ć h Ć h Ć h h I Ć Ć Ć Ć Ć h Ć Ć h Ć Ć I Ć Ć Ć h h h Ć Ć E h Ć Ć h š h Ć h Ć K h Ć Ć I h š h Ć Ć Ć I I I h Ć h Ć A Ć h Č h Ć Ć E h h Ć
train39.png,II Ć Ć H I Ć Ć h Ć h Ć h h I Ć Ć Ć Ć Ć h Ć Ć h Ć Ć I Ć Ć Ć h h h Ć Ć E h Ć Ć h š h Ć h Ć K h Ć Ć I h š h Ć Ć Ć I I I h Ć h Ć A Ć h Č h Ć Ć E h h Ć
train4.png,II Ć Ć H I Ć Ć h Ć h Ć h h I Ć Ć Ć Ć Ć h Ć Ć h Ć Ć I Ć Ć Ć h h h Ć Ć E h Ć Ć h š h Ć h Ć K h Ć Ć I h š h Ć Ć Ć I I I h Ć h Ć A Ć h Č h Ć Ć E h h Ć
train40.png,II Ć Ć H I Ć Ć h Ć h Ć h h I Ć Ć Ć Ć Ć h Ć Ć h Ć Ć I Ć Ć Ć h h h Ć Ć E h Ć Ć h š h Ć h Ć K h Ć Ć I h š h Ć Ć Ć I I I h Ć h Ć A Ć h Č h Ć Ć E h h Ć
train41.png,II Ć Ć H I Ć Ć h Ć h Ć h h I Ć Ć Ć Ć Ć h Ć Ć h Ć Ć I Ć Ć Ć h h h Ć Ć E h Ć Ć h š h Ć h Ć K h Ć Ć I h š h Ć Ć Ć I I I h Ć h Ć A Ć h Č h Ć Ć E h h Ć
train42.png,II Ć Ć H I Ć Ć h Ć h Ć h h I Ć Ć Ć Ć Ć h Ć Ć h Ć Ć I Ć Ć Ć h h h Ć Ć E h Ć Ć h š h Ć h Ć K h Ć Ć I h š h Ć Ć Ć I I I h Ć h Ć A Ć h Č h Ć Ć E h h Ć
train43.png,II Ć Ć H I Ć Ć h Ć h Ć h h I Ć Ć Ć Ć Ć h Ć Ć h Ć Ć I Ć Ć Ć h h h Ć Ć E h Ć Ć h š h Ć h Ć K h Ć Ć I h š h Ć Ć Ć I I I h Ć h Ć A Ć h Č h Ć Ć E h h Ć
train44.png,II Ć Ć H I Ć Ć h Ć h Ć h h I Ć Ć Ć Ć Ć h Ć Ć h Ć Ć I Ć Ć Ć h h h Ć Ć E h Ć Ć h š h Ć h Ć K h Ć Ć I h š h Ć Ć Ć I I I h Ć h Ć A Ć h Č h Ć Ć E h h Ć
train45.png,II Ć Ć H I Ć Ć h Ć h Ć h h I Ć Ć Ć Ć Ć h Ć Ć h Ć Ć I Ć Ć Ć h h h Ć Ć E h Ć Ć h š h Ć h Ć K h Ć Ć I h š h Ć Ć Ć I I I h Ć h Ć A Ć h Č h Ć Ć E h h Ć
train46.png,II Ć Ć H I Ć Ć h Ć h Ć h h I Ć Ć Ć Ć Ć h Ć Ć h Ć Ć I Ć Ć Ć h h h Ć Ć E h Ć Ć h š h Ć h Ć K h Ć Ć I h š h Ć Ć Ć I I I h Ć h Ć A Ć h Č h Ć Ć E h h Ć
train47.png,II Ć Ć H I Ć Ć h Ć h Ć h h I Ć Ć Ć Ć Ć h Ć Ć h Ć Ć I Ć Ć Ć h h h Ć Ć E h Ć Ć h š h Ć h Ć K h Ć Ć I h š h Ć Ć Ć I I I h Ć h Ć A Ć h Č h Ć Ć E h h Ć
train48.png,II Ć Ć H I Ć Ć h Ć h Ć h h I Ć Ć Ć Ć Ć h Ć Ć h Ć Ć I Ć Ć Ć h h h Ć Ć E h Ć Ć h š h Ć h Ć K h Ć Ć I h š h Ć Ć Ć I I I h Ć h Ć A Ć h Č h Ć Ć E h h Ć
train49.png,II Ć Ć H I Ć Ć h Ć h Ć h h I Ć Ć Ć Ć Ć h Ć Ć h Ć Ć I Ć Ć Ć h h h Ć Ć E h Ć Ć h š h Ć h Ć K h Ć Ć I h š h Ć Ć Ć I I I h Ć h Ć A Ć h Č h Ć Ć E h h Ć
train5.png,II Ć Ć H I Ć Ć h Ć h Ć h h I Ć Ć Ć Ć Ć h Ć Ć h Ć Ć I Ć Ć Ć h h h Ć Ć E h Ć Ć h š h Ć h Ć K h Ć Ć I h š h Ć Ć Ć I I I h Ć h Ć A Ć h Č h Ć Ć E h h Ć
train50.png,II Ć Ć H I Ć Ć h Ć h Ć h h I Ć Ć Ć Ć Ć h Ć Ć h Ć Ć I Ć Ć Ć h h h Ć Ć E h Ć Ć h š h Ć h Ć K h Ć Ć I h š h Ć Ć Ć I I I h Ć h Ć A Ć h Č h Ć Ć E h h Ć
train51.png,II Ć Ć H I Ć Ć h Ć h Ć h h I Ć Ć Ć Ć Ć h Ć Ć h Ć Ć I Ć Ć Ć h h h Ć Ć E h Ć Ć h š h Ć h Ć K h Ć Ć I h š h Ć Ć Ć I I I h Ć h Ć A Ć h Č h Ć Ć E h h Ć
train52.png,II Ć Ć H I Ć Ć h Ć h Ć h h I Ć Ć Ć Ć Ć h Ć Ć h Ć Ć I Ć Ć Ć h h h Ć Ć E h Ć Ć h š h Ć h Ć K h Ć Ć I h š h Ć Ć Ć I I I h Ć h Ć A Ć h Č h Ć Ć E h h Ć
train53.png,II Ć Ć H I Ć Ć h Ć h Ć h h I Ć Ć Ć Ć Ć h Ć Ć h Ć Ć I Ć Ć Ć h h h Ć Ć E h Ć Ć h š h Ć h Ć K h Ć Ć I h š h Ć Ć Ć I I I h Ć h Ć A Ć h Č h Ć Ć E h h Ć
train54.png,II Ć Ć H I Ć Ć h Ć h Ć h h I Ć Ć Ć Ć Ć h Ć Ć h Ć Ć I Ć Ć Ć h h h Ć Ć E h Ć Ć h š h Ć h Ć K h Ć Ć I h š h Ć Ć Ć I I I h Ć h Ć A Ć h Č h Ć Ć E h h Ć
train55.png,II Ć Ć H I Ć Ć h Ć h Ć h h I Ć Ć Ć Ć Ć h Ć Ć h Ć Ć I Ć Ć Ć h h h Ć Ć E h Ć Ć h š h Ć h Ć K h Ć Ć I h š h Ć Ć Ć I I I h Ć h Ć A Ć h Č h Ć Ć E h h Ć
train56.png,II Ć Ć H I Ć Ć h Ć h Ć h h I Ć Ć Ć Ć Ć h Ć Ć h Ć Ć I Ć Ć Ć h h h Ć Ć E h Ć Ć h š h Ć h Ć K h Ć Ć I h š h Ć Ć Ć I I I h Ć h Ć A Ć h Č h Ć Ć E h h Ć
train57.png,II Ć Ć H I Ć Ć h Ć h Ć h h I Ć Ć Ć Ć Ć h Ć Ć h Ć Ć I Ć Ć Ć h h h Ć Ć E h Ć Ć h š h Ć h Ć K h Ć Ć I h š h Ć Ć Ć I I I h Ć h Ć A Ć h Č h Ć Ć E h h Ć
train58.png,II Ć Ć H I Ć Ć h Ć h Ć h h I Ć Ć Ć Ć Ć h Ć Ć h Ć Ć I Ć Ć Ć h h h Ć Ć E h Ć Ć h š h Ć h Ć K h Ć Ć I h š h Ć Ć Ć I I I h Ć h Ć A Ć h Č h Ć Ć E h h Ć
train59.png,II Ć Ć H I Ć Ć h Ć h Ć h h I Ć Ć Ć Ć Ć h Ć Ć h Ć Ć I Ć Ć Ć h h h Ć Ć E h Ć Ć h š h Ć h Ć K h Ć Ć I h š h Ć Ć Ć I I I h Ć h Ć A Ć h Č h Ć Ć E h h Ć
train6.png,II Ć Ć H I Ć Ć h Ć h Ć h h I Ć Ć Ć Ć Ć h Ć Ć h Ć Ć I Ć Ć Ć h h h Ć Ć E h Ć Ć h š h Ć h Ć K h Ć Ć I h š h Ć Ć Ć I I I h Ć h Ć A Ć h Č h Ć Ć E h h Ć
train60.png,II Ć Ć H I Ć Ć h Ć h Ć h h I Ć Ć Ć Ć Ć h Ć Ć h Ć Ć I Ć Ć Ć h h h Ć Ć E h Ć Ć h š h Ć h Ć K h Ć Ć I h š h Ć Ć Ć I I I h Ć h Ć A Ć h Č h Ć Ć E h h Ć
train61.png,II Ć Ć H I Ć Ć h Ć h Ć h h I Ć Ć Ć Ć Ć h Ć Ć h Ć Ć I Ć Ć Ć h h h Ć Ć E h Ć Ć h š h Ć h Ć K h Ć Ć I h š h Ć Ć Ć I I I h Ć h Ć A Ć h Č h Ć Ć E h h Ć
train62.png,II Ć Ć H I Ć Ć h Ć h Ć h h I Ć Ć Ć Ć Ć h Ć Ć h Ć Ć I Ć Ć Ć h h h Ć Ć E h Ć Ć h š h Ć h Ć K h Ć Ć I h š h Ć Ć Ć I I I h Ć h Ć A Ć h Č h Ć Ć E h h Ć
train63.png,II Ć Ć H I Ć Ć h Ć h Ć h h I Ć Ć Ć Ć Ć h Ć Ć h Ć Ć I Ć Ć Ć h h h Ć Ć E h Ć Ć h š h Ć h Ć K h Ć Ć I h š h Ć Ć Ć I I I h Ć h Ć A Ć h Č h Ć Ć E h h Ć
train64.png,II Ć Ć H I Ć Ć h Ć h Ć h h I Ć Ć Ć Ć Ć h Ć Ć h Ć Ć I Ć Ć Ć h h h Ć Ć E h Ć Ć h š h Ć h Ć K h Ć Ć I h š h Ć Ć Ć I I I h Ć h Ć A Ć h Č h Ć Ć E h h Ć
train65.png,II Ć Ć H I Ć Ć h Ć h Ć h h I Ć Ć Ć Ć Ć h Ć Ć h Ć Ć I Ć Ć Ć h h h Ć Ć E h Ć Ć h š h Ć h Ć K h Ć Ć I h š h Ć Ć Ć I I I h Ć h Ć A Ć h Č h Ć Ć E h h Ć
train66.png,II Ć Ć H I Ć Ć h Ć h Ć h h I Ć Ć Ć Ć Ć h Ć Ć h Ć Ć I Ć Ć Ć h h h Ć Ć E h Ć Ć h š h Ć h Ć K h Ć Ć I h š h Ć Ć Ć I I I h Ć h Ć A Ć h Č h Ć Ć E h h Ć
train67.png,II Ć Ć H I Ć Ć h Ć h Ć h h I Ć Ć Ć Ć Ć h Ć Ć h Ć Ć I Ć Ć Ć h h h Ć Ć E h Ć Ć h š h Ć h Ć K h Ć Ć I h š h Ć Ć Ć I I I h Ć h Ć A Ć h Č h Ć Ć E h h Ć
train68.png,II Ć Ć H I Ć Ć h Ć h Ć h h I Ć Ć Ć Ć Ć h Ć Ć h Ć Ć I Ć Ć Ć h h h Ć Ć E h Ć Ć h š h Ć h Ć K h Ć Ć I h š h Ć Ć Ć I I I h Ć h Ć A Ć h Č h Ć Ć E h h Ć
train69.png,II Ć Ć H I Ć Ć h Ć h Ć h h I Ć Ć Ć Ć Ć h Ć Ć h Ć Ć I Ć Ć Ć h h h Ć Ć E h Ć Ć h š h Ć h Ć K h Ć Ć I h š h Ć Ć Ć I I I h Ć h Ć A Ć h Č h Ć Ć E h h Ć
train7.png,II Ć Ć H I Ć Ć h Ć h Ć h h I Ć Ć Ć Ć Ć h Ć Ć h Ć Ć I Ć Ć Ć h h h Ć Ć E h Ć Ć h š h Ć h Ć K h Ć Ć I h š h Ć Ć Ć I I I h Ć h Ć A Ć h Č h Ć Ć E h h Ć
train70.png,II Ć Ć H I Ć Ć h Ć h Ć h h I Ć Ć Ć Ć Ć h Ć Ć h Ć Ć I Ć Ć Ć h h h Ć Ć E h Ć Ć h š h Ć h Ć K h Ć Ć I h š h Ć Ć Ć I I I h Ć h Ć A Ć h Č h Ć Ć E h h Ć
train71.png,II Ć Ć H I Ć Ć h Ć h Ć h h I Ć Ć Ć Ć Ć h Ć Ć h Ć Ć I Ć Ć Ć h h h Ć Ć E h Ć Ć h š h Ć h Ć K h Ć Ć I h š h Ć Ć Ć I I I h Ć h Ć A Ć h Č h Ć Ć E h h Ć
train72.png,II Ć Ć H I Ć Ć h Ć h Ć h h I Ć Ć Ć Ć Ć h Ć Ć h Ć Ć I Ć Ć Ć h h h Ć Ć E h Ć Ć h š h Ć h Ć K h Ć Ć I h š h Ć Ć Ć I I I h Ć h Ć A Ć h Č h Ć Ć E h h Ć
train73.png,II Ć Ć H I Ć Ć h Ć h Ć h h I Ć Ć Ć Ć Ć h Ć Ć h Ć Ć I Ć Ć Ć h h h Ć Ć E h Ć Ć h š h Ć h Ć K h Ć Ć I h š h Ć Ć Ć I I I h Ć h Ć A Ć h Č h Ć Ć E h h Ć
train74.png,II Ć Ć H I Ć Ć h Ć h Ć h h I Ć Ć Ć Ć Ć h Ć Ć h Ć Ć I Ć Ć Ć h h h Ć Ć E h Ć Ć h š h Ć h Ć K h Ć Ć I h š h Ć Ć Ć I I I h Ć h Ć A Ć h Č h Ć Ć E h h Ć
train75.png,II Ć Ć H I Ć Ć h Ć h Ć h h I Ć Ć Ć Ć Ć h Ć Ć h Ć Ć I Ć Ć Ć h h h Ć Ć E h Ć Ć h š h Ć h Ć K h Ć Ć I h š h Ć Ć Ć I I I h Ć h Ć A Ć h Č h Ć Ć E h h Ć
train76.png,II Ć Ć H I Ć Ć h Ć h Ć h h I Ć Ć Ć Ć Ć h Ć Ć h Ć Ć I Ć Ć Ć h h h Ć Ć E h Ć Ć h š h Ć h Ć K h Ć Ć I h š h Ć Ć Ć I I I h Ć h Ć A Ć h Č h Ć Ć E h h Ć
train77.png,II Ć Ć H I Ć Ć h Ć h Ć h h I Ć Ć Ć Ć Ć h Ć Ć h Ć Ć I Ć Ć Ć h h h Ć Ć E h Ć Ć h š h Ć h Ć K h Ć Ć I h š h Ć Ć Ć I I I h Ć h Ć A Ć h Č h Ć Ć E h h Ć
train78.png,II Ć Ć H I Ć Ć h Ć h Ć h h I Ć Ć Ć Ć Ć h Ć Ć h Ć Ć I Ć Ć Ć h h h Ć Ć E h Ć Ć h š h Ć h Ć K h Ć Ć I h š h Ć Ć Ć I I I h Ć h Ć A Ć h Č h Ć Ć E h h Ć
train79.png,II Ć Ć H I Ć Ć h Ć h Ć h h I Ć Ć Ć Ć Ć h Ć Ć h Ć Ć I Ć Ć Ć h h h Ć Ć E h Ć Ć h š h Ć h Ć K h Ć Ć I h š h Ć Ć Ć I I I h Ć h Ć A Ć h Č h Ć Ć E h h Ć
train8.png,II Ć Ć H I Ć Ć h Ć h Ć h h I Ć Ć Ć Ć Ć h Ć Ć h Ć Ć I Ć Ć Ć h h h Ć Ć E h Ć Ć h š h Ć h Ć K h Ć Ć I h š h Ć Ć Ć I I I h Ć h Ć A Ć h Č h Ć Ć E h h Ć
train80.png,II Ć Ć H I Ć Ć h Ć h Ć h h I Ć Ć Ć Ć Ć h Ć Ć h Ć Ć I Ć Ć Ć h h h Ć Ć E h Ć Ć h š h Ć h Ć K h Ć Ć I h š h Ć Ć Ć I I I h Ć h Ć A Ć h Č h Ć Ć E h h Ć
train81.png,II Ć Ć H I Ć Ć h Ć h Ć h h I Ć Ć Ć Ć Ć h Ć Ć h Ć Ć I Ć Ć Ć h h h Ć Ć E h Ć Ć h š h Ć h Ć K h Ć Ć I h š h Ć Ć Ć I I I h Ć h Ć A Ć h Č h Ć Ć E h h Ć
train82.png,II Ć Ć H I Ć Ć h Ć h Ć h h I Ć Ć Ć Ć Ć h Ć Ć h Ć Ć I Ć Ć Ć h h h Ć Ć E h Ć Ć h š h Ć h Ć K h Ć Ć I h š h Ć Ć Ć I I I h Ć h Ć A Ć h Č h Ć Ć E h h Ć
train83.png,II Ć Ć H I Ć Ć h Ć h Ć h h I Ć Ć Ć Ć Ć h Ć Ć h Ć Ć I Ć Ć Ć h h h Ć Ć E h Ć Ć h š h Ć h Ć K h Ć Ć I h š h Ć Ć Ć I I I h Ć h Ć A Ć h Č h Ć Ć E h h Ć
train84.png,II Ć Ć H I Ć Ć h Ć h Ć h h I Ć Ć Ć Ć Ć h Ć Ć h Ć Ć I Ć Ć Ć h h h Ć Ć E h Ć Ć h š h Ć h Ć K h Ć Ć I h š h Ć Ć Ć I I I h Ć h Ć A Ć h Č h Ć Ć E h h Ć
train85.png,II Ć Ć H I Ć Ć h Ć h Ć h h I Ć Ć Ć Ć Ć h Ć Ć h Ć Ć I Ć Ć Ć h h h Ć Ć E h Ć Ć h š h Ć h Ć K h Ć Ć I h š h Ć Ć Ć I I I h Ć h Ć A Ć h Č h Ć Ć E h h Ć
train86.png,II Ć Ć H I Ć Ć h Ć h Ć h h I Ć Ć Ć Ć Ć h Ć Ć h Ć Ć I Ć Ć Ć h h h Ć Ć E h Ć Ć h š h Ć h Ć K h Ć Ć I h š h Ć Ć Ć I I I h Ć h Ć A Ć h Č h Ć Ć E h h Ć
train87.png,II Ć Ć H I Ć Ć h Ć h Ć h h I Ć Ć Ć Ć Ć h Ć Ć h Ć Ć I Ć Ć Ć h h h Ć Ć E h Ć Ć h š h Ć h Ć K h Ć Ć I h š h Ć Ć Ć I I I h Ć h Ć A Ć h Č h Ć Ć E h h Ć
train88.png,II Ć Ć H I Ć Ć h Ć h Ć h h I Ć Ć Ć Ć Ć h Ć Ć h Ć Ć I Ć Ć Ć h h h Ć Ć E h Ć Ć h š h Ć h Ć K h Ć Ć I h š h Ć Ć Ć I I I h Ć h Ć A Ć h Č h Ć Ć E h h Ć
train89.png,II Ć Ć H I Ć Ć h Ć h Ć h h I Ć Ć Ć Ć Ć h Ć Ć h Ć Ć I Ć Ć Ć h h h Ć Ć E h Ć Ć h š h Ć h Ć K h Ć Ć I h š h Ć Ć Ć I I I h Ć h Ć A Ć h Č h Ć Ć E h h Ć
train9.png,II Ć Ć H I Ć Ć h Ć h Ć h h I Ć Ć Ć Ć Ć h Ć Ć h Ć Ć I Ć Ć Ć h h h Ć Ć E h Ć Ć h š h Ć h Ć K h Ć Ć I h š h Ć Ć Ć I I I h Ć h Ć A Ć h Č h Ć Ć E h h Ć
train90.png,II Ć Ć H I Ć Ć h Ć h Ć h h I Ć Ć Ć Ć Ć h Ć Ć h Ć Ć I Ć Ć Ć h h h Ć Ć E h Ć Ć h š h Ć h Ć K h Ć Ć I h š h Ć Ć Ć I I I h Ć h Ć A Ć h Č h Ć Ć E h h Ć
train91.png,II Ć Ć H I Ć Ć h Ć h Ć h h I Ć Ć Ć Ć Ć h Ć Ć h Ć Ć I Ć Ć Ć h h h Ć Ć E h Ć Ć h š h Ć h Ć K h Ć Ć I h š h Ć Ć Ć I I I h Ć h Ć A Ć h Č h Ć Ć E h h Ć
train92.png,II Ć Ć H I Ć Ć h Ć h Ć h h I Ć Ć Ć Ć Ć h Ć Ć h Ć Ć I Ć Ć Ć h h h Ć Ć E h Ć Ć h š h Ć h Ć K h Ć Ć I h š h Ć Ć Ć I I I h Ć h Ć A Ć h Č h Ć Ć E h h Ć
train93.png,II Ć Ć H I Ć Ć h Ć h Ć h h I Ć Ć Ć Ć Ć h Ć Ć h Ć Ć I Ć Ć Ć h h h Ć Ć E h Ć Ć h š h Ć h Ć K h Ć Ć I h š h Ć Ć Ć I I I h Ć h Ć A Ć h Č h Ć Ć E h h Ć
train94.png,II Ć Ć H I Ć Ć h Ć h Ć h h I Ć Ć Ć Ć Ć h Ć Ć h Ć Ć I Ć Ć Ć h h h Ć Ć E h Ć Ć h š h Ć h Ć K h Ć Ć I h š h Ć Ć Ć I I I h Ć h Ć A Ć h Č h Ć Ć E h h Ć
train95.png,II Ć Ć H I Ć Ć h Ć h Ć h h I Ć Ć Ć Ć Ć h Ć Ć h Ć Ć I Ć Ć Ć h h h Ć Ć E h Ć Ć h š h Ć h Ć K h Ć Ć I h š h Ć Ć Ć I I I h Ć h Ć A Ć h Č h Ć Ć E h h Ć
train96.png,II Ć Ć H I Ć Ć h Ć h Ć h h I Ć Ć Ć Ć Ć h Ć Ć h Ć Ć I Ć Ć Ć h h h Ć Ć E h Ć Ć h š h Ć h Ć K h Ć Ć I h š h Ć Ć Ć I I I h Ć h Ć A Ć h Č h Ć Ć E h h Ć
train97.png,II Ć Ć H I Ć Ć h Ć h Ć h h I Ć Ć Ć Ć Ć h Ć Ć h Ć Ć I Ć Ć Ć h h h Ć Ć E h Ć Ć h š h Ć h Ć K h Ć Ć I h š h Ć Ć Ć I I I h Ć h Ć A Ć h Č h Ć Ć E h h Ć
